{
	"MarkerCrop": {
		"Abigail": 3,
		"Alex": 0,
		"Caroline": 2,
		"Clint": -1,
		"Demetrius": -2,
		"Elliott": -1,
		"Emily": 1,
		"Evelyn": 4,
		"George": 4,
		"Gus": 2,
		"Haley": 2,
		"Harvey": -1,
		"Jas": 7,
		"Jodi": 3,
		"Kent": -1,
		"Leah": 2 ,
		"Lewis": 1,
		"Linus": 6,
		"Marlon": 2 ,
		"Marnie": 4,
		"Maru": 2,
		"Pam": 5,
		"Penny": 3,
		"Pierre": 0,
		"Robin": 2,
		"Sam": 0,
		"Sandy": 2 ,
		"Sebastian": 1,
		"Shane": 1,
		"Vincent": 8,
		"Willy": -1,
		"Wizard": 0 
	}
}